id,name,description,last_modified_user_id,last_modified_date,created_user_id,created_date
1,"C01","Excision of eye",1,"2000-01-01 00:00:00",1,"2000-01-01 00:00:00"
2,"C01.1","Exenteration of orbit",1,"2000-01-01 00:00:00",1,"2000-01-01 00:00:00"
3,"C01.2","Enucleation of eye",1,"2000-01-01 00:00:00",1,"2000-01-01 00:00:00"
4,"C01.3","Evisceration of eye",1,"2000-01-01 00:00:00",1,"2000-01-01 00:00:00"
5,"C01.8","Other specified excision of eye",1,"2000-01-01 00:00:00",1,"2000-01-01 00:00:00"
6,"C01.9","Unspecified excision of eye",1,"2000-01-01 00:00:00",1,"2000-01-01 00:00:00"
7,"C02","Extirpation of lesion of orbit",1,"2000-01-01 00:00:00",1,"2000-01-01 00:00:00"
8,"C02.1","Excision of lesion of orbit",1,"2000-01-01 00:00:00",1,"2000-01-01 00:00:00"
9,"C02.2","Destruction of lesion of orbit",1,"2000-01-01 00:00:00",1,"2000-01-01 00:00:00"
10,"C02.8","Other specified extirpation of lesion of orbit",1,"2000-01-01 00:00:00",1,"2000-01-01 00:00:00"
11,"C02.9","Unspecified extirpation of lesion of orbit",1,"2000-01-01 00:00:00",1,"2000-01-01 00:00:00"
12,"C03","Insertion of prosthesis of eye",1,"2000-01-01 00:00:00",1,"2000-01-01 00:00:00"
13,"C03.1","Insertion of prosthetic replacement for orbit",1,"2000-01-01 00:00:00",1,"2000-01-01 00:00:00"
14,"C03.2","Insertion of prosthetic replacement for eyeball",1,"2000-01-01 00:00:00",1,"2000-01-01 00:00:00"
15,"C03.8","Other specified insertion of prosthesis of eye",1,"2000-01-01 00:00:00",1,"2000-01-01 00:00:00"
16,"C03.9","Unspecified insertion of prosthesis of eye",1,"2000-01-01 00:00:00",1,"2000-01-01 00:00:00"
17,"C04","Attention to prosthesis of eye",1,"2000-01-01 00:00:00",1,"2000-01-01 00:00:00"
18,"C04.1","Revision of prosthetic replacement for orbit",1,"2000-01-01 00:00:00",1,"2000-01-01 00:00:00"
19,"C04.2","Revision of prosthetic replacement for eyeball",1,"2000-01-01 00:00:00",1,"2000-01-01 00:00:00"
20,"C04.3","Removal of prosthetic replacement for orbit",1,"2000-01-01 00:00:00",1,"2000-01-01 00:00:00"
21,"C04.4","Removal of prosthetic replacement for eyeball",1,"2000-01-01 00:00:00",1,"2000-01-01 00:00:00"
22,"C04.8","Other specified attention to prosthesis of eye",1,"2000-01-01 00:00:00",1,"2000-01-01 00:00:00"
23,"C04.9","Unspecified attention to prosthesis of eye",1,"2000-01-01 00:00:00",1,"2000-01-01 00:00:00"
24,"C05","Plastic repair of orbit",1,"2000-01-01 00:00:00",1,"2000-01-01 00:00:00"
25,"C05.1","Reconstruction of cavity of orbit",1,"2000-01-01 00:00:00",1,"2000-01-01 00:00:00"
26,"C05.2","Plastic repair of cavity of orbit",1,"2000-01-01 00:00:00",1,"2000-01-01 00:00:00"
27,"C05.3","Enlargement of cavity of orbit",1,"2000-01-01 00:00:00",1,"2000-01-01 00:00:00"
28,"C05.8","Other specified plastic repair of orbit",1,"2000-01-01 00:00:00",1,"2000-01-01 00:00:00"
29,"C05.9","Unspecified plastic repair of orbit",1,"2000-01-01 00:00:00",1,"2000-01-01 00:00:00"
30,"C06","Incision of orbit",1,"2000-01-01 00:00:00",1,"2000-01-01 00:00:00"
31,"C06.1","Biopsy of lesion of orbit",1,"2000-01-01 00:00:00",1,"2000-01-01 00:00:00"
32,"C06.2","Drainage of orbit",1,"2000-01-01 00:00:00",1,"2000-01-01 00:00:00"
33,"C06.3","Decompression of orbit",1,"2000-01-01 00:00:00",1,"2000-01-01 00:00:00"
34,"C06.4","Removal of foreign body from orbit",1,"2000-01-01 00:00:00",1,"2000-01-01 00:00:00"
35,"C06.5","Exploration of orbit",1,"2000-01-01 00:00:00",1,"2000-01-01 00:00:00"
36,"C06.8","Other specified incision of orbit",1,"2000-01-01 00:00:00",1,"2000-01-01 00:00:00"
37,"C06.9","Unspecified incision of orbit",1,"2000-01-01 00:00:00",1,"2000-01-01 00:00:00"
38,"C08","Other operations on orbit",1,"2000-01-01 00:00:00",1,"2000-01-01 00:00:00"
39,"C08.1","Transposition of ligament of orbit",1,"2000-01-01 00:00:00",1,"2000-01-01 00:00:00"
40,"C08.2","Open reduction of fracture of orbit",1,"2000-01-01 00:00:00",1,"2000-01-01 00:00:00"
41,"C08.3","Removal of fixation from fracture of orbit",1,"2000-01-01 00:00:00",1,"2000-01-01 00:00:00"
42,"C08.4","Retrobulbar injection into orbit",1,"2000-01-01 00:00:00",1,"2000-01-01 00:00:00"
43,"C08.5","Internal fixation of fracture of orbit",1,"2000-01-01 00:00:00",1,"2000-01-01 00:00:00"
44,"C08.8","Other specified other operations on orbit",1,"2000-01-01 00:00:00",1,"2000-01-01 00:00:00"
45,"C08.9","Unspecified other operations on orbit",1,"2000-01-01 00:00:00",1,"2000-01-01 00:00:00"
46,"C09","Replacement of canthal tendon",1,"2000-01-01 00:00:00",1,"2000-01-01 00:00:00"
47,"C09.1","Replacement of lateral canthal tendon using tarsal strip",1,"2000-01-01 00:00:00",1,"2000-01-01 00:00:00"
48,"C09.2","Replacement of lateral canthal tendon using periosteal strip",1,"2000-01-01 00:00:00",1,"2000-01-01 00:00:00"
49,"C09.3","Replacement of medial canthal tendon using periosteal strip",1,"2000-01-01 00:00:00",1,"2000-01-01 00:00:00"
50,"C09.8","Other specified replacement of canthal tendon",1,"2000-01-01 00:00:00",1,"2000-01-01 00:00:00"
51,"C09.9","Unspecified replacement of canthal tendon",1,"2000-01-01 00:00:00",1,"2000-01-01 00:00:00"
52,"C10","Operations on eyebrow",1,"2000-01-01 00:00:00",1,"2000-01-01 00:00:00"
53,"C10.1","Excision of lesion of eyebrow",1,"2000-01-01 00:00:00",1,"2000-01-01 00:00:00"
54,"C10.2","Hair bearing flap to eyebrow",1,"2000-01-01 00:00:00",1,"2000-01-01 00:00:00"
55,"C10.3","Hair bearing graft to eyebrow",1,"2000-01-01 00:00:00",1,"2000-01-01 00:00:00"
56,"C10.4","Suture of eyebrow",1,"2000-01-01 00:00:00",1,"2000-01-01 00:00:00"
57,"C10.5","Incision of lesion of eyebrow",1,"2000-01-01 00:00:00",1,"2000-01-01 00:00:00"
58,"C10.6","Biopsy of lesion of eyebrow",1,"2000-01-01 00:00:00",1,"2000-01-01 00:00:00"
59,"C10.8","Other specified operations on eyebrow",1,"2000-01-01 00:00:00",1,"2000-01-01 00:00:00"
60,"C10.9","Unspecified operations on eyebrow",1,"2000-01-01 00:00:00",1,"2000-01-01 00:00:00"
61,"C11","Operations on canthus",1,"2000-01-01 00:00:00",1,"2000-01-01 00:00:00"
62,"C11.1","Excision of lesion of canthus",1,"2000-01-01 00:00:00",1,"2000-01-01 00:00:00"
63,"C11.2","Destruction of lesion of canthus",1,"2000-01-01 00:00:00",1,"2000-01-01 00:00:00"
64,"C11.3","Correction of epicanthus",1,"2000-01-01 00:00:00",1,"2000-01-01 00:00:00"
65,"C11.4","Correction of telecanthus",1,"2000-01-01 00:00:00",1,"2000-01-01 00:00:00"
66,"C11.5","Graft of skin to canthus",1,"2000-01-01 00:00:00",1,"2000-01-01 00:00:00"
67,"C11.6","Canthotomy",1,"2000-01-01 00:00:00",1,"2000-01-01 00:00:00"
68,"C11.7","Biopsy of lesion of canthus",1,"2000-01-01 00:00:00",1,"2000-01-01 00:00:00"
69,"C11.8","Other specified operations on canthus",1,"2000-01-01 00:00:00",1,"2000-01-01 00:00:00"
70,"C11.9","Unspecified operations on canthus",1,"2000-01-01 00:00:00",1,"2000-01-01 00:00:00"
71,"C12","Extirpation of lesion of eyelid",1,"2000-01-01 00:00:00",1,"2000-01-01 00:00:00"
72,"C12.1","Excision of lesion of eyelid NEC",1,"2000-01-01 00:00:00",1,"2000-01-01 00:00:00"
73,"C12.2","Cauterisation of lesion of eyelid",1,"2000-01-01 00:00:00",1,"2000-01-01 00:00:00"
74,"C12.3","Cryotherapy to lesion of eyelid",1,"2000-01-01 00:00:00",1,"2000-01-01 00:00:00"
75,"C12.4","Curettage of lesion of eyelid",1,"2000-01-01 00:00:00",1,"2000-01-01 00:00:00"
76,"C12.5","Destruction of lesion of eyelid NEC",1,"2000-01-01 00:00:00",1,"2000-01-01 00:00:00"
77,"C12.6","Wedge excision of lesion of eyelid",1,"2000-01-01 00:00:00",1,"2000-01-01 00:00:00"
78,"C12.8","Other specified extirpation of lesion of eyelid",1,"2000-01-01 00:00:00",1,"2000-01-01 00:00:00"
79,"C12.9","Unspecified extirpation of lesion of eyelid",1,"2000-01-01 00:00:00",1,"2000-01-01 00:00:00"
80,"C13","Excision of redundant skin of eyelid",1,"2000-01-01 00:00:00",1,"2000-01-01 00:00:00"
81,"C13.1","Blepharoplasty of both eyelids",1,"2000-01-01 00:00:00",1,"2000-01-01 00:00:00"
82,"C13.2","Blepharoplasty of upper eyelid",1,"2000-01-01 00:00:00",1,"2000-01-01 00:00:00"
83,"C13.3","Blepharoplasty of lower eyelid",1,"2000-01-01 00:00:00",1,"2000-01-01 00:00:00"
84,"C13.4","Blepharoplasty NEC",1,"2000-01-01 00:00:00",1,"2000-01-01 00:00:00"
85,"C13.8","Other specified excision of redundant skin of eyelid",1,"2000-01-01 00:00:00",1,"2000-01-01 00:00:00"
86,"C13.9","Unspecified excision of redundant skin of eyelid",1,"2000-01-01 00:00:00",1,"2000-01-01 00:00:00"
87,"C14","Reconstruction of eyelid",1,"2000-01-01 00:00:00",1,"2000-01-01 00:00:00"
88,"C14.1","Flap of skin to eyelid",1,"2000-01-01 00:00:00",1,"2000-01-01 00:00:00"
89,"C14.2","Graft of skin to eyelid",1,"2000-01-01 00:00:00",1,"2000-01-01 00:00:00"
90,"C14.3","Graft of cartilage to eyelid",1,"2000-01-01 00:00:00",1,"2000-01-01 00:00:00"
91,"C14.4","Graft of skin and fat to eyelid",1,"2000-01-01 00:00:00",1,"2000-01-01 00:00:00"
92,"C14.5","Graft of fascia to eyelid",1,"2000-01-01 00:00:00",1,"2000-01-01 00:00:00"
93,"C14.8","Other specified reconstruction of eyelid",1,"2000-01-01 00:00:00",1,"2000-01-01 00:00:00"
94,"C14.9","Unspecified reconstruction of eyelid",1,"2000-01-01 00:00:00",1,"2000-01-01 00:00:00"
95,"C15","Correction of deformity of eyelid",1,"2000-01-01 00:00:00",1,"2000-01-01 00:00:00"
96,"C15.1","Correction of ectropion NEC",1,"2000-01-01 00:00:00",1,"2000-01-01 00:00:00"
97,"C15.2","Correction of entropion NEC",1,"2000-01-01 00:00:00",1,"2000-01-01 00:00:00"
98,"C15.3","Correction of trichiasis",1,"2000-01-01 00:00:00",1,"2000-01-01 00:00:00"
99,"C15.4","Correction of cicatricial ectropion",1,"2000-01-01 00:00:00",1,"2000-01-01 00:00:00"
100,"C15.5","Correction of cicatricial entropion",1,"2000-01-01 00:00:00",1,"2000-01-01 00:00:00"
101,"C15.8","Other specified correction of deformity of eyelid",1,"2000-01-01 00:00:00",1,"2000-01-01 00:00:00"
102,"C15.9","Unspecified correction of deformity of eyelid",1,"2000-01-01 00:00:00",1,"2000-01-01 00:00:00"
103,"C16","Other plastic repair of eyelid",1,"2000-01-01 00:00:00",1,"2000-01-01 00:00:00"
104,"C16.1","Central tarsorrhaphy",1,"2000-01-01 00:00:00",1,"2000-01-01 00:00:00"
105,"C16.2","Lateral tarsorrhaphy",1,"2000-01-01 00:00:00",1,"2000-01-01 00:00:00"
106,"C16.3","Medial tarsorrhaphy",1,"2000-01-01 00:00:00",1,"2000-01-01 00:00:00"
107,"C16.4","Tarsorrhaphy NEC",1,"2000-01-01 00:00:00",1,"2000-01-01 00:00:00"
108,"C16.5","Revision of tarsorrhaphy",1,"2000-01-01 00:00:00",1,"2000-01-01 00:00:00"
109,"C16.8","Other specified other plastic repair of eyelid",1,"2000-01-01 00:00:00",1,"2000-01-01 00:00:00"
110,"C16.9","Unspecified other plastic repair of eyelid",1,"2000-01-01 00:00:00",1,"2000-01-01 00:00:00"
111,"C17","Other repair of eyelid",1,"2000-01-01 00:00:00",1,"2000-01-01 00:00:00"
112,"C17.1","Suture of eyelid",1,"2000-01-01 00:00:00",1,"2000-01-01 00:00:00"
113,"C17.8","Other specified other repair of eyelid",1,"2000-01-01 00:00:00",1,"2000-01-01 00:00:00"
114,"C17.9","Unspecified other repair of eyelid",1,"2000-01-01 00:00:00",1,"2000-01-01 00:00:00"
115,"C18","Correction of ptosis of eyelid",1,"2000-01-01 00:00:00",1,"2000-01-01 00:00:00"
116,"C18.1","Correction of ptosis of eyelid using levator muscle technique",1,"2000-01-01 00:00:00",1,"2000-01-01 00:00:00"
117,"C18.2","Correction of ptosis of eyelid using frontalis muscle technique",1,"2000-01-01 00:00:00",1,"2000-01-01 00:00:00"
118,"C18.3","Correction of ptosis of eyelid using sling of fascia",1,"2000-01-01 00:00:00",1,"2000-01-01 00:00:00"
119,"C18.4","Correction of ptosis of eyelid using superior rectus muscle technique",1,"2000-01-01 00:00:00",1,"2000-01-01 00:00:00"
120,"C18.5","Tarsomullerectomy",1,"2000-01-01 00:00:00",1,"2000-01-01 00:00:00"
121,"C18.6","Correction of ptosis of eyelid using aponeurosis technique",1,"2000-01-01 00:00:00",1,"2000-01-01 00:00:00"
122,"C18.8","Other specified correction of ptosis of eyelid",1,"2000-01-01 00:00:00",1,"2000-01-01 00:00:00"
123,"C18.9","Unspecified correction of ptosis of eyelid",1,"2000-01-01 00:00:00",1,"2000-01-01 00:00:00"
124,"C19","Incision of eyelid",1,"2000-01-01 00:00:00",1,"2000-01-01 00:00:00"
125,"C19.1","Drainage of lesion of eyelid",1,"2000-01-01 00:00:00",1,"2000-01-01 00:00:00"
126,"C19.8","Other specified incision of eyelid",1,"2000-01-01 00:00:00",1,"2000-01-01 00:00:00"
127,"C19.9","Unspecified incision of eyelid",1,"2000-01-01 00:00:00",1,"2000-01-01 00:00:00"
128,"C20","Protective suture of eyelid",1,"2000-01-01 00:00:00",1,"2000-01-01 00:00:00"
129,"C20.1","Complete protective suture of eyelid",1,"2000-01-01 00:00:00",1,"2000-01-01 00:00:00"
130,"C20.2","Central protective suture of eyelid",1,"2000-01-01 00:00:00",1,"2000-01-01 00:00:00"
131,"C20.3","Lateral protective suture of eyelid",1,"2000-01-01 00:00:00",1,"2000-01-01 00:00:00"
132,"C20.4","Medial protective suture of eyelid",1,"2000-01-01 00:00:00",1,"2000-01-01 00:00:00"
133,"C20.5","Removal of protective suture from eyelid",1,"2000-01-01 00:00:00",1,"2000-01-01 00:00:00"
134,"C20.8","Other specified protective suture of eyelid",1,"2000-01-01 00:00:00",1,"2000-01-01 00:00:00"
135,"C20.9","Unspecified protective suture of eyelid",1,"2000-01-01 00:00:00",1,"2000-01-01 00:00:00"
136,"C22","Other operations on eyelid",1,"2000-01-01 00:00:00",1,"2000-01-01 00:00:00"
137,"C22.1","Avulsion of nerve of eyelid",1,"2000-01-01 00:00:00",1,"2000-01-01 00:00:00"
138,"C22.2","Biopsy of lesion of eyelid",1,"2000-01-01 00:00:00",1,"2000-01-01 00:00:00"
139,"C22.3","Removal of foreign body from eyelid",1,"2000-01-01 00:00:00",1,"2000-01-01 00:00:00"
140,"C22.4","Injection into eyelid",1,"2000-01-01 00:00:00",1,"2000-01-01 00:00:00"
141,"C22.5","Exploration of eyelid",1,"2000-01-01 00:00:00",1,"2000-01-01 00:00:00"
142,"C22.6","Epilation of eyelash",1,"2000-01-01 00:00:00",1,"2000-01-01 00:00:00"
143,"C22.7","Denervation of nerve of eyelid",1,"2000-01-01 00:00:00",1,"2000-01-01 00:00:00"
144,"C22.8","Other specified other operations on eyelid",1,"2000-01-01 00:00:00",1,"2000-01-01 00:00:00"
145,"C22.9","Unspecified other operations on eyelid",1,"2000-01-01 00:00:00",1,"2000-01-01 00:00:00"
146,"C24","Operations on lacrimal gland",1,"2000-01-01 00:00:00",1,"2000-01-01 00:00:00"
147,"C24.1","Excision of lacrimal gland",1,"2000-01-01 00:00:00",1,"2000-01-01 00:00:00"
148,"C24.2","Radiotherapy to lacrimal gland",1,"2000-01-01 00:00:00",1,"2000-01-01 00:00:00"
149,"C24.3","Destruction of lacrimal gland NEC",1,"2000-01-01 00:00:00",1,"2000-01-01 00:00:00"
150,"C24.4","Biopsy of lesion of lacrimal gland",1,"2000-01-01 00:00:00",1,"2000-01-01 00:00:00"
151,"C24.5","Incision of lacrimal gland",1,"2000-01-01 00:00:00",1,"2000-01-01 00:00:00"
152,"C24.8","Other specified operations on lacrimal gland",1,"2000-01-01 00:00:00",1,"2000-01-01 00:00:00"
153,"C24.9","Unspecified operations on lacrimal gland",1,"2000-01-01 00:00:00",1,"2000-01-01 00:00:00"
154,"C25","Connection between lacrimal apparatus and nose",1,"2000-01-01 00:00:00",1,"2000-01-01 00:00:00"
155,"C25.1","Canaliculodacryocystorhinostomy",1,"2000-01-01 00:00:00",1,"2000-01-01 00:00:00"
156,"C25.2","Conjunctivodacryocystorhinostomy",1,"2000-01-01 00:00:00",1,"2000-01-01 00:00:00"
157,"C25.3","Dacryocystorhinostomy and insertion of tube HFQ",1,"2000-01-01 00:00:00",1,"2000-01-01 00:00:00"
158,"C25.4","Dacryocystorhinostomy NEC",1,"2000-01-01 00:00:00",1,"2000-01-01 00:00:00"
159,"C25.5","Revision of anastomosis between lacrimal apparatus and nose",1,"2000-01-01 00:00:00",1,"2000-01-01 00:00:00"
160,"C25.8","Other specified connection between lacrimal apparatus and nose",1,"2000-01-01 00:00:00",1,"2000-01-01 00:00:00"
161,"C25.9","Unspecified connection between lacrimal apparatus and nose",1,"2000-01-01 00:00:00",1,"2000-01-01 00:00:00"
162,"C26","Other operations on lacrimal sac",1,"2000-01-01 00:00:00",1,"2000-01-01 00:00:00"
163,"C26.1","Excision of lacrimal sac",1,"2000-01-01 00:00:00",1,"2000-01-01 00:00:00"
164,"C26.2","Destruction of lesion of lacrimal sac",1,"2000-01-01 00:00:00",1,"2000-01-01 00:00:00"
165,"C26.3","Biopsy of lesion of lacrimal sac",1,"2000-01-01 00:00:00",1,"2000-01-01 00:00:00"
166,"C26.4","Incision of lacrimal sac",1,"2000-01-01 00:00:00",1,"2000-01-01 00:00:00"
167,"C26.8","Other specified other operations on lacrimal sac",1,"2000-01-01 00:00:00",1,"2000-01-01 00:00:00"
168,"C26.9","Unspecified other operations on lacrimal sac",1,"2000-01-01 00:00:00",1,"2000-01-01 00:00:00"
169,"C27","Operations on nasolacrimal duct",1,"2000-01-01 00:00:00",1,"2000-01-01 00:00:00"
170,"C27.1","Drainage of nasolacrimal duct",1,"2000-01-01 00:00:00",1,"2000-01-01 00:00:00"
171,"C27.2","Dilation of nasolacrimal duct",1,"2000-01-01 00:00:00",1,"2000-01-01 00:00:00"
172,"C27.3","Irrigation of nasolacrimal duct",1,"2000-01-01 00:00:00",1,"2000-01-01 00:00:00"
173,"C27.4","Removal of tube from nasolacrimal duct",1,"2000-01-01 00:00:00",1,"2000-01-01 00:00:00"
174,"C27.5","Probing of nasolacrimal duct NEC",1,"2000-01-01 00:00:00",1,"2000-01-01 00:00:00"
175,"C27.8","Other specified operations on nasolacrimal duct",1,"2000-01-01 00:00:00",1,"2000-01-01 00:00:00"
176,"C27.9","Unspecified operations on nasolacrimal duct",1,"2000-01-01 00:00:00",1,"2000-01-01 00:00:00"
177,"C29","Other operations on lacrimal apparatus",1,"2000-01-01 00:00:00",1,"2000-01-01 00:00:00"
178,"C29.1","Repair of canaliculus",1,"2000-01-01 00:00:00",1,"2000-01-01 00:00:00"
179,"C29.2","Enlargement of lacrimal punctum",1,"2000-01-01 00:00:00",1,"2000-01-01 00:00:00"
180,"C29.3","Occlusion of lacrimal punctum",1,"2000-01-01 00:00:00",1,"2000-01-01 00:00:00"
181,"C29.4","Marsupialisation of canaliculus",1,"2000-01-01 00:00:00",1,"2000-01-01 00:00:00"
182,"C29.5","Canaliculotomy",1,"2000-01-01 00:00:00",1,"2000-01-01 00:00:00"
183,"C29.8","Other specified other operations on lacrimal apparatus",1,"2000-01-01 00:00:00",1,"2000-01-01 00:00:00"
184,"C29.9","Unspecified other operations on lacrimal apparatus",1,"2000-01-01 00:00:00",1,"2000-01-01 00:00:00"
185,"C31","Combined operations on muscles of eye",1,"2000-01-01 00:00:00",1,"2000-01-01 00:00:00"
186,"C31.1","Recession of medial rectus muscle and resection of lateral rectus muscle of eye",1,"2000-01-01 00:00:00",1,"2000-01-01 00:00:00"
187,"C31.2","Bilateral recession of medial recti muscles of eyes",1,"2000-01-01 00:00:00",1,"2000-01-01 00:00:00"
188,"C31.3","Bilateral resection of medial recti muscles of eyes",1,"2000-01-01 00:00:00",1,"2000-01-01 00:00:00"
189,"C31.4","Bilateral recession of lateral recti muscles of eyes",1,"2000-01-01 00:00:00",1,"2000-01-01 00:00:00"
190,"C31.5","Bilateral resection of lateral recti muscles of eyes",1,"2000-01-01 00:00:00",1,"2000-01-01 00:00:00"
191,"C31.6","Recession of lateral rectus muscle and resection of medial rectus muscle of eye",1,"2000-01-01 00:00:00",1,"2000-01-01 00:00:00"
192,"C31.8","Other specified combined operations on muscles of eye",1,"2000-01-01 00:00:00",1,"2000-01-01 00:00:00"
193,"C31.9","Unspecified combined operations on muscles of eye",1,"2000-01-01 00:00:00",1,"2000-01-01 00:00:00"
194,"C32","Recession of muscle of eye",1,"2000-01-01 00:00:00",1,"2000-01-01 00:00:00"
195,"C32.1","Recession of medial rectus muscle of eye NEC",1,"2000-01-01 00:00:00",1,"2000-01-01 00:00:00"
196,"C32.2","Recession of lateral rectus muscle of eye NEC",1,"2000-01-01 00:00:00",1,"2000-01-01 00:00:00"
197,"C32.3","Recession of superior rectus muscle of eye",1,"2000-01-01 00:00:00",1,"2000-01-01 00:00:00"
198,"C32.4","Recession of inferior rectus muscle of eye",1,"2000-01-01 00:00:00",1,"2000-01-01 00:00:00"
199,"C32.5","Recession of superior oblique muscle of eye",1,"2000-01-01 00:00:00",1,"2000-01-01 00:00:00"
200,"C32.6","Recession of inferior oblique muscle of eye",1,"2000-01-01 00:00:00",1,"2000-01-01 00:00:00"
201,"C32.7","Recession of combinations of muscles of eye",1,"2000-01-01 00:00:00",1,"2000-01-01 00:00:00"
202,"C32.8","Other specified recession of muscle of eye",1,"2000-01-01 00:00:00",1,"2000-01-01 00:00:00"
203,"C32.9","Unspecified recession of muscle of eye",1,"2000-01-01 00:00:00",1,"2000-01-01 00:00:00"
204,"C33","Resection of muscle of eye",1,"2000-01-01 00:00:00",1,"2000-01-01 00:00:00"
205,"C33.1","Resection of medial rectus muscle of eye NEC",1,"2000-01-01 00:00:00",1,"2000-01-01 00:00:00"
206,"C33.2","Resection of lateral rectus muscle of eye NEC",1,"2000-01-01 00:00:00",1,"2000-01-01 00:00:00"
207,"C33.3","Resection of superior rectus muscle of eye",1,"2000-01-01 00:00:00",1,"2000-01-01 00:00:00"
208,"C33.4","Resection of inferior rectus muscle of eye",1,"2000-01-01 00:00:00",1,"2000-01-01 00:00:00"
209,"C33.5","Resection of superior oblique muscle of eye",1,"2000-01-01 00:00:00",1,"2000-01-01 00:00:00"
210,"C33.6","Resection of inferior oblique muscle of eye",1,"2000-01-01 00:00:00",1,"2000-01-01 00:00:00"
211,"C33.7","Resection of combinations of muscles of eye",1,"2000-01-01 00:00:00",1,"2000-01-01 00:00:00"
212,"C33.8","Other specified resection of muscle of eye",1,"2000-01-01 00:00:00",1,"2000-01-01 00:00:00"
213,"C33.9","Unspecified resection of muscle of eye",1,"2000-01-01 00:00:00",1,"2000-01-01 00:00:00"
214,"C34","Partial division of tendon of muscle of eye",1,"2000-01-01 00:00:00",1,"2000-01-01 00:00:00"
215,"C34.1","Tenotomy of medial rectus muscle of eye",1,"2000-01-01 00:00:00",1,"2000-01-01 00:00:00"
216,"C34.2","Tenotomy of lateral rectus muscle of eye",1,"2000-01-01 00:00:00",1,"2000-01-01 00:00:00"
217,"C34.3","Tenotomy of superior rectus muscle of eye",1,"2000-01-01 00:00:00",1,"2000-01-01 00:00:00"
218,"C34.4","Tenotomy of inferior rectus muscle of eye",1,"2000-01-01 00:00:00",1,"2000-01-01 00:00:00"
219,"C34.5","Tenotomy of superior oblique muscle of eye",1,"2000-01-01 00:00:00",1,"2000-01-01 00:00:00"
220,"C34.6","Tenotomy of inferior oblique muscle of eye",1,"2000-01-01 00:00:00",1,"2000-01-01 00:00:00"
221,"C34.7","Tenotomy of combinations of muscles of eye",1,"2000-01-01 00:00:00",1,"2000-01-01 00:00:00"
222,"C34.8","Other specified partial division of tendon of muscle of eye",1,"2000-01-01 00:00:00",1,"2000-01-01 00:00:00"
223,"C34.9","Unspecified partial division of tendon of muscle of eye",1,"2000-01-01 00:00:00",1,"2000-01-01 00:00:00"
224,"C35","Other adjustment to muscle of eye",1,"2000-01-01 00:00:00",1,"2000-01-01 00:00:00"
225,"C35.1","Transposition of muscle of eye NEC",1,"2000-01-01 00:00:00",1,"2000-01-01 00:00:00"
226,"C35.2","Lengthening of muscle of eye by muscle slide",1,"2000-01-01 00:00:00",1,"2000-01-01 00:00:00"
227,"C35.3","Insertion of adjustable suture into muscle of eye",1,"2000-01-01 00:00:00",1,"2000-01-01 00:00:00"
228,"C35.8","Other specified other adjustment to muscle of eye",1,"2000-01-01 00:00:00",1,"2000-01-01 00:00:00"
229,"C35.9","Unspecified other adjustment to muscle of eye",1,"2000-01-01 00:00:00",1,"2000-01-01 00:00:00"
230,"C37","Other operations on muscle of eye",1,"2000-01-01 00:00:00",1,"2000-01-01 00:00:00"
231,"C37.1","Excision of lesion of muscle of eye",1,"2000-01-01 00:00:00",1,"2000-01-01 00:00:00"
232,"C37.2","Freeing of adhesions of muscle of eye",1,"2000-01-01 00:00:00",1,"2000-01-01 00:00:00"
233,"C37.3","Biopsy of lesion of muscle of eye",1,"2000-01-01 00:00:00",1,"2000-01-01 00:00:00"
234,"C37.4","Repair of muscle of eye NEC",1,"2000-01-01 00:00:00",1,"2000-01-01 00:00:00"
235,"C37.8","Other specified other operations on muscle of eye",1,"2000-01-01 00:00:00",1,"2000-01-01 00:00:00"
236,"C37.9","Unspecified other operations on muscle of eye",1,"2000-01-01 00:00:00",1,"2000-01-01 00:00:00"
237,"C39","Extirpation of lesion of conjunctiva",1,"2000-01-01 00:00:00",1,"2000-01-01 00:00:00"
238,"C39.1","Excision of lesion of conjunctiva",1,"2000-01-01 00:00:00",1,"2000-01-01 00:00:00"
239,"C39.2","Cauterisation of lesion of conjunctiva",1,"2000-01-01 00:00:00",1,"2000-01-01 00:00:00"
240,"C39.3","Cryotherapy to lesion of conjunctiva",1,"2000-01-01 00:00:00",1,"2000-01-01 00:00:00"
241,"C39.4","Curettage of lesion of conjunctiva",1,"2000-01-01 00:00:00",1,"2000-01-01 00:00:00"
242,"C39.5","Radiotherapy to lesion of conjunctiva",1,"2000-01-01 00:00:00",1,"2000-01-01 00:00:00"
243,"C39.8","Other specified extirpation of lesion of conjunctiva",1,"2000-01-01 00:00:00",1,"2000-01-01 00:00:00"
244,"C39.9","Unspecified extirpation of lesion of conjunctiva",1,"2000-01-01 00:00:00",1,"2000-01-01 00:00:00"
245,"C40","Repair of conjunctiva",1,"2000-01-01 00:00:00",1,"2000-01-01 00:00:00"
246,"C40.1","Mucosal graft to conjunctiva",1,"2000-01-01 00:00:00",1,"2000-01-01 00:00:00"
247,"C40.2","Amniotic graft to conjunctiva",1,"2000-01-01 00:00:00",1,"2000-01-01 00:00:00"
248,"C40.3","Sliding graft to conjunctiva",1,"2000-01-01 00:00:00",1,"2000-01-01 00:00:00"
249,"C40.4","Prosthetic replacement of conjunctiva",1,"2000-01-01 00:00:00",1,"2000-01-01 00:00:00"
250,"C40.5","Suture of conjunctiva",1,"2000-01-01 00:00:00",1,"2000-01-01 00:00:00"
251,"C40.8","Other specified repair of conjunctiva",1,"2000-01-01 00:00:00",1,"2000-01-01 00:00:00"
252,"C40.9","Unspecified repair of conjunctiva",1,"2000-01-01 00:00:00",1,"2000-01-01 00:00:00"
253,"C41","Incision of conjunctiva",1,"2000-01-01 00:00:00",1,"2000-01-01 00:00:00"
254,"C41.1","Peritomy",1,"2000-01-01 00:00:00",1,"2000-01-01 00:00:00"
255,"C41.8","Other specified incision of conjunctiva",1,"2000-01-01 00:00:00",1,"2000-01-01 00:00:00"
256,"C41.9","Unspecified incision of conjunctiva",1,"2000-01-01 00:00:00",1,"2000-01-01 00:00:00"
257,"C43","Other operations on conjunctiva",1,"2000-01-01 00:00:00",1,"2000-01-01 00:00:00"
258,"C43.1","Division of adhesions of conjunctiva",1,"2000-01-01 00:00:00",1,"2000-01-01 00:00:00"
259,"C43.2","Biopsy of lesion of conjunctiva",1,"2000-01-01 00:00:00",1,"2000-01-01 00:00:00"
260,"C43.3","Removal of foreign body from conjunctiva",1,"2000-01-01 00:00:00",1,"2000-01-01 00:00:00"
261,"C43.4","Subconjunctival injection",1,"2000-01-01 00:00:00",1,"2000-01-01 00:00:00"
262,"C43.5","Exploration of conjunctiva",1,"2000-01-01 00:00:00",1,"2000-01-01 00:00:00"
263,"C43.6","Creation of hood of conjunctiva",1,"2000-01-01 00:00:00",1,"2000-01-01 00:00:00"
264,"C43.7","Transplantation of conjunctiva",1,"2000-01-01 00:00:00",1,"2000-01-01 00:00:00"
265,"C43.8","Other specified other operations on conjunctiva",1,"2000-01-01 00:00:00",1,"2000-01-01 00:00:00"
266,"C43.9","Unspecified other operations on conjunctiva",1,"2000-01-01 00:00:00",1,"2000-01-01 00:00:00"
267,"C44","Other plastic operations on cornea",1,"2000-01-01 00:00:00",1,"2000-01-01 00:00:00"
268,"C44.1","Hydrogel prosthetic keratoplasty",1,"2000-01-01 00:00:00",1,"2000-01-01 00:00:00"
269,"C44.2","Laser in situ keratomileusis",1,"2000-01-01 00:00:00",1,"2000-01-01 00:00:00"
270,"C44.3","Endothelial graft to cornea",1,"2000-01-01 00:00:00",1,"2000-01-01 00:00:00"
271,"C44.4","Photorefractive keratectomy",1,"2000-01-01 00:00:00",1,"2000-01-01 00:00:00"
272,"C44.5","Laser subepithelial keratomileusis",1,"2000-01-01 00:00:00",1,"2000-01-01 00:00:00"
273,"C44.8","Other specified other plastic operations on cornea",1,"2000-01-01 00:00:00",1,"2000-01-01 00:00:00"
274,"C44.9","Unspecified other plastic operations on cornea",1,"2000-01-01 00:00:00",1,"2000-01-01 00:00:00"
275,"C45","Extirpation of lesion of cornea",1,"2000-01-01 00:00:00",1,"2000-01-01 00:00:00"
276,"C45.1","Superficial keratectomy",1,"2000-01-01 00:00:00",1,"2000-01-01 00:00:00"
277,"C45.2","Excision of lesion of cornea NEC",1,"2000-01-01 00:00:00",1,"2000-01-01 00:00:00"
278,"C45.3","Cauterisation of lesion of cornea",1,"2000-01-01 00:00:00",1,"2000-01-01 00:00:00"
279,"C45.4","Cryotherapy to lesion of cornea",1,"2000-01-01 00:00:00",1,"2000-01-01 00:00:00"
280,"C45.5","Radiotherapy to lesion of cornea",1,"2000-01-01 00:00:00",1,"2000-01-01 00:00:00"
281,"C45.6","Destruction of lesion of cornea NEC",1,"2000-01-01 00:00:00",1,"2000-01-01 00:00:00"
282,"C45.7","Debridement of lesion of cornea",1,"2000-01-01 00:00:00",1,"2000-01-01 00:00:00"
283,"C45.8","Other specified extirpation of lesion of cornea",1,"2000-01-01 00:00:00",1,"2000-01-01 00:00:00"
284,"C45.9","Unspecified extirpation of lesion of cornea",1,"2000-01-01 00:00:00",1,"2000-01-01 00:00:00"
285,"C46","Plastic operations on cornea",1,"2000-01-01 00:00:00",1,"2000-01-01 00:00:00"
286,"C46.1","Refractive keratoplasty",1,"2000-01-01 00:00:00",1,"2000-01-01 00:00:00"
287,"C46.2","Lamellar graft to cornea NEC",1,"2000-01-01 00:00:00",1,"2000-01-01 00:00:00"
288,"C46.3","Penetrating graft to cornea",1,"2000-01-01 00:00:00",1,"2000-01-01 00:00:00"
289,"C46.4","Insertion of prosthesis into cornea",1,"2000-01-01 00:00:00",1,"2000-01-01 00:00:00"
290,"C46.5","Deep lamellar graft to cornea",1,"2000-01-01 00:00:00",1,"2000-01-01 00:00:00"
291,"C46.6","Amniotic membrane graft to cornea",1,"2000-01-01 00:00:00",1,"2000-01-01 00:00:00"
292,"C46.7","Transplant of corneal limbal cells",1,"2000-01-01 00:00:00",1,"2000-01-01 00:00:00"
293,"C46.8","Other specified plastic operations on cornea",1,"2000-01-01 00:00:00",1,"2000-01-01 00:00:00"
294,"C46.9","Unspecified plastic operations on cornea",1,"2000-01-01 00:00:00",1,"2000-01-01 00:00:00"
295,"C47","Closure of cornea",1,"2000-01-01 00:00:00",1,"2000-01-01 00:00:00"
296,"C47.1","Suture of cornea",1,"2000-01-01 00:00:00",1,"2000-01-01 00:00:00"
297,"C47.2","Adjustment to suture of cornea",1,"2000-01-01 00:00:00",1,"2000-01-01 00:00:00"
298,"C47.3","Removal of suture from cornea",1,"2000-01-01 00:00:00",1,"2000-01-01 00:00:00"
299,"C47.4","Gluing of cornea",1,"2000-01-01 00:00:00",1,"2000-01-01 00:00:00"
300,"C47.8","Other specified closure of cornea",1,"2000-01-01 00:00:00",1,"2000-01-01 00:00:00"
301,"C47.9","Unspecified closure of cornea",1,"2000-01-01 00:00:00",1,"2000-01-01 00:00:00"
302,"C48","Removal of foreign body from cornea",1,"2000-01-01 00:00:00",1,"2000-01-01 00:00:00"
303,"C48.1","Surgical removal of foreign body from cornea",1,"2000-01-01 00:00:00",1,"2000-01-01 00:00:00"
304,"C48.2","Magnetic extraction of foreign body from cornea",1,"2000-01-01 00:00:00",1,"2000-01-01 00:00:00"
305,"C48.8","Other specified removal of foreign body from cornea",1,"2000-01-01 00:00:00",1,"2000-01-01 00:00:00"
306,"C48.9","Unspecified removal of foreign body from cornea",1,"2000-01-01 00:00:00",1,"2000-01-01 00:00:00"
307,"C49","Incision of cornea",1,"2000-01-01 00:00:00",1,"2000-01-01 00:00:00"
308,"C49.1","Section of cornea",1,"2000-01-01 00:00:00",1,"2000-01-01 00:00:00"
309,"C49.2","Trephine of cornea",1,"2000-01-01 00:00:00",1,"2000-01-01 00:00:00"
310,"C49.3","Radial keratotomy",1,"2000-01-01 00:00:00",1,"2000-01-01 00:00:00"
311,"C49.8","Other specified incision of cornea",1,"2000-01-01 00:00:00",1,"2000-01-01 00:00:00"
312,"C49.9","Unspecified incision of cornea",1,"2000-01-01 00:00:00",1,"2000-01-01 00:00:00"
313,"C51","Other operations on cornea",1,"2000-01-01 00:00:00",1,"2000-01-01 00:00:00"
314,"C51.1","Biopsy of lesion of cornea",1,"2000-01-01 00:00:00",1,"2000-01-01 00:00:00"
315,"C51.2","Chelation of cornea",1,"2000-01-01 00:00:00",1,"2000-01-01 00:00:00"
316,"C51.3","Exploration of cornea",1,"2000-01-01 00:00:00",1,"2000-01-01 00:00:00"
317,"C51.4","Tattooing of cornea",1,"2000-01-01 00:00:00",1,"2000-01-01 00:00:00"
318,"C51.5","Placement of therapeutic contact lens on to cornea",1,"2000-01-01 00:00:00",1,"2000-01-01 00:00:00"
319,"C51.8","Other specified other operations on cornea",1,"2000-01-01 00:00:00",1,"2000-01-01 00:00:00"
320,"C51.9","Unspecified other operations on cornea",1,"2000-01-01 00:00:00",1,"2000-01-01 00:00:00"
321,"C52","Excision of sclera",1,"2000-01-01 00:00:00",1,"2000-01-01 00:00:00"
322,"C52.1","Deep sclerectomy with spacer",1,"2000-01-01 00:00:00",1,"2000-01-01 00:00:00"
323,"C52.2","Deep sclerectomy without spacer",1,"2000-01-01 00:00:00",1,"2000-01-01 00:00:00"
324,"C52.8","Other specified excision of sclera",1,"2000-01-01 00:00:00",1,"2000-01-01 00:00:00"
325,"C52.9","Unspecified excision of sclera",1,"2000-01-01 00:00:00",1,"2000-01-01 00:00:00"
326,"C53","Extirpation of lesion of sclera",1,"2000-01-01 00:00:00",1,"2000-01-01 00:00:00"
327,"C53.1","Punch resection of sclera",1,"2000-01-01 00:00:00",1,"2000-01-01 00:00:00"
328,"C53.2","Excision of lesion of sclera NEC",1,"2000-01-01 00:00:00",1,"2000-01-01 00:00:00"
329,"C53.3","Cauterisation of lesion of sclera",1,"2000-01-01 00:00:00",1,"2000-01-01 00:00:00"
330,"C53.4","Destruction of lesion of sclera NEC",1,"2000-01-01 00:00:00",1,"2000-01-01 00:00:00"
331,"C53.8","Other specified extirpation of lesion of sclera",1,"2000-01-01 00:00:00",1,"2000-01-01 00:00:00"
332,"C53.9","Unspecified extirpation of lesion of sclera",1,"2000-01-01 00:00:00",1,"2000-01-01 00:00:00"
333,"C54","Buckling operations for attachment of retina",1,"2000-01-01 00:00:00",1,"2000-01-01 00:00:00"
334,"C54.1","Overlay scleroplasty",1,"2000-01-01 00:00:00",1,"2000-01-01 00:00:00"
335,"C54.2","Imbrication of sclera",1,"2000-01-01 00:00:00",1,"2000-01-01 00:00:00"
336,"C54.3","Buckling of sclera and implant HFQ",1,"2000-01-01 00:00:00",1,"2000-01-01 00:00:00"
337,"C54.4","Buckling of sclera and local or encircling explant HFQ",1,"2000-01-01 00:00:00",1,"2000-01-01 00:00:00"
338,"C54.5","Buckling of sclera NEC",1,"2000-01-01 00:00:00",1,"2000-01-01 00:00:00"
339,"C54.6","Removal of implant or explant from sclera",1,"2000-01-01 00:00:00",1,"2000-01-01 00:00:00"
340,"C54.7","Maintenance of implant or explant in sclera",1,"2000-01-01 00:00:00",1,"2000-01-01 00:00:00"
341,"C54.8","Other specified buckling operations for attachment of retina",1,"2000-01-01 00:00:00",1,"2000-01-01 00:00:00"
342,"C54.9","Unspecified buckling operations for attachment of retina",1,"2000-01-01 00:00:00",1,"2000-01-01 00:00:00"
343,"C55","Incision of sclera",1,"2000-01-01 00:00:00",1,"2000-01-01 00:00:00"
344,"C55.1","Drainage of lesion of sclera",1,"2000-01-01 00:00:00",1,"2000-01-01 00:00:00"
345,"C55.2","Corneoscleral trephine",1,"2000-01-01 00:00:00",1,"2000-01-01 00:00:00"
346,"C55.3","Drainage of subretinal fluid through sclera",1,"2000-01-01 00:00:00",1,"2000-01-01 00:00:00"
347,"C55.4","Expansion of sclera",1,"2000-01-01 00:00:00",1,"2000-01-01 00:00:00"
348,"C55.8","Other specified incision of sclera",1,"2000-01-01 00:00:00",1,"2000-01-01 00:00:00"
349,"C55.9","Unspecified incision of sclera",1,"2000-01-01 00:00:00",1,"2000-01-01 00:00:00"
350,"C57","Other operations on sclera",1,"2000-01-01 00:00:00",1,"2000-01-01 00:00:00"
351,"C57.1","Biopsy of lesion of sclera",1,"2000-01-01 00:00:00",1,"2000-01-01 00:00:00"
352,"C57.2","Repair of sclera",1,"2000-01-01 00:00:00",1,"2000-01-01 00:00:00"
353,"C57.3","Graft to sclera",1,"2000-01-01 00:00:00",1,"2000-01-01 00:00:00"
354,"C57.4","Suture of sclera",1,"2000-01-01 00:00:00",1,"2000-01-01 00:00:00"
355,"C57.8","Other specified other operations on sclera",1,"2000-01-01 00:00:00",1,"2000-01-01 00:00:00"
356,"C57.9","Unspecified other operations on sclera",1,"2000-01-01 00:00:00",1,"2000-01-01 00:00:00"
357,"C59","Excision of iris",1,"2000-01-01 00:00:00",1,"2000-01-01 00:00:00"
358,"C59.1","Iridocyclectomy",1,"2000-01-01 00:00:00",1,"2000-01-01 00:00:00"
359,"C59.2","Surgical iridectomy",1,"2000-01-01 00:00:00",1,"2000-01-01 00:00:00"
360,"C59.8","Other specified excision of iris",1,"2000-01-01 00:00:00",1,"2000-01-01 00:00:00"
361,"C59.9","Unspecified excision of iris",1,"2000-01-01 00:00:00",1,"2000-01-01 00:00:00"
362,"C60","Filtering operations on iris",1,"2000-01-01 00:00:00",1,"2000-01-01 00:00:00"
363,"C60.1","Trabeculectomy",1,"2000-01-01 00:00:00",1,"2000-01-01 00:00:00"
364,"C60.2","Inclusion of iris",1,"2000-01-01 00:00:00",1,"2000-01-01 00:00:00"
365,"C60.3","Fixation of iris",1,"2000-01-01 00:00:00",1,"2000-01-01 00:00:00"
366,"C60.4","Iridoplasty NEC",1,"2000-01-01 00:00:00",1,"2000-01-01 00:00:00"
367,"C60.5","Insertion of tube into anterior chamber of eye to assist drainage of aqueous humour",1,"2000-01-01 00:00:00",1,"2000-01-01 00:00:00"
368,"C60.6","Viscocanulostomy",1,"2000-01-01 00:00:00",1,"2000-01-01 00:00:00"
369,"C60.8","Other specified filtering operations on iris",1,"2000-01-01 00:00:00",1,"2000-01-01 00:00:00"
370,"C60.9","Unspecified filtering operations on iris",1,"2000-01-01 00:00:00",1,"2000-01-01 00:00:00"
371,"C61","Other operations on trabecular meshwork of eye",1,"2000-01-01 00:00:00",1,"2000-01-01 00:00:00"
372,"C61.1","Laser trabeculoplasty",1,"2000-01-01 00:00:00",1,"2000-01-01 00:00:00"
373,"C61.2","Trabeculotomy",1,"2000-01-01 00:00:00",1,"2000-01-01 00:00:00"
374,"C61.3","Goniotomy",1,"2000-01-01 00:00:00",1,"2000-01-01 00:00:00"
375,"C61.4","Goniopuncture",1,"2000-01-01 00:00:00",1,"2000-01-01 00:00:00"
376,"C61.5","Viscogonioplasty",1,"2000-01-01 00:00:00",1,"2000-01-01 00:00:00"
377,"C61.8","Other specified other operations on trabecular meshwork of eye",1,"2000-01-01 00:00:00",1,"2000-01-01 00:00:00"
378,"C61.9","Unspecified other operations on trabecular meshwork of eye",1,"2000-01-01 00:00:00",1,"2000-01-01 00:00:00"
379,"C62","Incision of iris",1,"2000-01-01 00:00:00",1,"2000-01-01 00:00:00"
380,"C62.1","Iridosclerotomy",1,"2000-01-01 00:00:00",1,"2000-01-01 00:00:00"
381,"C62.2","Surgical iridotomy",1,"2000-01-01 00:00:00",1,"2000-01-01 00:00:00"
382,"C62.3","Laser iridotomy",1,"2000-01-01 00:00:00",1,"2000-01-01 00:00:00"
383,"C62.4","Correction iridodialysis NEC",1,"2000-01-01 00:00:00",1,"2000-01-01 00:00:00"
384,"C62.8","Other specified incision of iris",1,"2000-01-01 00:00:00",1,"2000-01-01 00:00:00"
385,"C62.9","Unspecified incision of iris",1,"2000-01-01 00:00:00",1,"2000-01-01 00:00:00"
386,"C64","Other operations on iris",1,"2000-01-01 00:00:00",1,"2000-01-01 00:00:00"
387,"C64.1","Excision of prolapsed iris",1,"2000-01-01 00:00:00",1,"2000-01-01 00:00:00"
388,"C64.2","Excision of lesion of iris",1,"2000-01-01 00:00:00",1,"2000-01-01 00:00:00"
389,"C64.3","Destruction of lesion of iris",1,"2000-01-01 00:00:00",1,"2000-01-01 00:00:00"
390,"C64.4","Biopsy of lesion of iris",1,"2000-01-01 00:00:00",1,"2000-01-01 00:00:00"
391,"C64.5","Removal of foreign body from iris",1,"2000-01-01 00:00:00",1,"2000-01-01 00:00:00"
392,"C64.6","Stretching of iris",1,"2000-01-01 00:00:00",1,"2000-01-01 00:00:00"
393,"C64.7","Insertion of iris hooks",1,"2000-01-01 00:00:00",1,"2000-01-01 00:00:00"
394,"C64.8","Other specified other operations on iris",1,"2000-01-01 00:00:00",1,"2000-01-01 00:00:00"
395,"C64.9","Unspecified other operations on iris",1,"2000-01-01 00:00:00",1,"2000-01-01 00:00:00"
396,"C65","Operations following glaucoma surgery",1,"2000-01-01 00:00:00",1,"2000-01-01 00:00:00"
397,"C65.1","Needling of bleb",1,"2000-01-01 00:00:00",1,"2000-01-01 00:00:00"
398,"C65.2","Injection of bleb",1,"2000-01-01 00:00:00",1,"2000-01-01 00:00:00"
399,"C65.3","Revision of bleb NEC",1,"2000-01-01 00:00:00",1,"2000-01-01 00:00:00"
400,"C65.4","Removal of releasable suture following glaucoma surgery",1,"2000-01-01 00:00:00",1,"2000-01-01 00:00:00"
401,"C65.5","Laser suture lysis following glaucoma surgery",1,"2000-01-01 00:00:00",1,"2000-01-01 00:00:00"
402,"C65.8","Other specified operations following glaucoma surgery",1,"2000-01-01 00:00:00",1,"2000-01-01 00:00:00"
403,"C65.9","Unspecified operations following glaucoma surgery",1,"2000-01-01 00:00:00",1,"2000-01-01 00:00:00"
404,"C66","Extirpation of ciliary body",1,"2000-01-01 00:00:00",1,"2000-01-01 00:00:00"
405,"C66.1","Excision of ciliary body",1,"2000-01-01 00:00:00",1,"2000-01-01 00:00:00"
406,"C66.2","Cauterisation of ciliary body",1,"2000-01-01 00:00:00",1,"2000-01-01 00:00:00"
407,"C66.3","Cryotherapy to ciliary body",1,"2000-01-01 00:00:00",1,"2000-01-01 00:00:00"
408,"C66.4","Laser photocoagulation of ciliary body",1,"2000-01-01 00:00:00",1,"2000-01-01 00:00:00"
409,"C66.5","Destruction of ciliary body NEC",1,"2000-01-01 00:00:00",1,"2000-01-01 00:00:00"
410,"C66.8","Other specified extirpation of ciliary body",1,"2000-01-01 00:00:00",1,"2000-01-01 00:00:00"
411,"C66.9","Unspecified extirpation of ciliary body",1,"2000-01-01 00:00:00",1,"2000-01-01 00:00:00"
412,"C67","Other operations on ciliary body",1,"2000-01-01 00:00:00",1,"2000-01-01 00:00:00"
413,"C67.1","Separation of ciliary body",1,"2000-01-01 00:00:00",1,"2000-01-01 00:00:00"
414,"C67.8","Other specified other operations on ciliary body",1,"2000-01-01 00:00:00",1,"2000-01-01 00:00:00"
415,"C67.9","Unspecified other operations on ciliary body",1,"2000-01-01 00:00:00",1,"2000-01-01 00:00:00"
416,"C69","Other operations on anterior chamber of eye",1,"2000-01-01 00:00:00",1,"2000-01-01 00:00:00"
417,"C69.1","Reformation of anterior chamber of eye",1,"2000-01-01 00:00:00",1,"2000-01-01 00:00:00"
418,"C69.2","Paracentesis of anterior chamber of eye",1,"2000-01-01 00:00:00",1,"2000-01-01 00:00:00"
419,"C69.3","Injection into anterior chamber",1,"2000-01-01 00:00:00",1,"2000-01-01 00:00:00"
420,"C69.4","Irrigation of anterior chamber of eye",1,"2000-01-01 00:00:00",1,"2000-01-01 00:00:00"
421,"C69.8","Other specified other operations on anterior chamber of eye",1,"2000-01-01 00:00:00",1,"2000-01-01 00:00:00"
422,"C69.9","Unspecified other operations on anterior chamber of eye",1,"2000-01-01 00:00:00",1,"2000-01-01 00:00:00"
423,"C71","Extracapsular extraction of lens",1,"2000-01-01 00:00:00",1,"2000-01-01 00:00:00"
424,"C71.1","Simple linear extraction of lens",1,"2000-01-01 00:00:00",1,"2000-01-01 00:00:00"
425,"C71.2","Phacoemulsification of lens",1,"2000-01-01 00:00:00",1,"2000-01-01 00:00:00"
426,"C71.3","Aspiration of lens",1,"2000-01-01 00:00:00",1,"2000-01-01 00:00:00"
427,"C71.8","Other specified extracapsular extraction of lens",1,"2000-01-01 00:00:00",1,"2000-01-01 00:00:00"
428,"C71.9","Unspecified extracapsular extraction of lens",1,"2000-01-01 00:00:00",1,"2000-01-01 00:00:00"
429,"C72","Intracapsular extraction of lens",1,"2000-01-01 00:00:00",1,"2000-01-01 00:00:00"
430,"C72.1","Forceps extraction of lens",1,"2000-01-01 00:00:00",1,"2000-01-01 00:00:00"
431,"C72.2","Suction extraction of lens",1,"2000-01-01 00:00:00",1,"2000-01-01 00:00:00"
432,"C72.3","Cryoextraction of lens",1,"2000-01-01 00:00:00",1,"2000-01-01 00:00:00"
433,"C72.8","Other specified intracapsular extraction of lens",1,"2000-01-01 00:00:00",1,"2000-01-01 00:00:00"
434,"C72.9","Unspecified intracapsular extraction of lens",1,"2000-01-01 00:00:00",1,"2000-01-01 00:00:00"
435,"C73","Incision of capsule of lens",1,"2000-01-01 00:00:00",1,"2000-01-01 00:00:00"
436,"C73.1","Membranectomy of lens",1,"2000-01-01 00:00:00",1,"2000-01-01 00:00:00"
437,"C73.2","Capsulotomy of anterior lens capsule",1,"2000-01-01 00:00:00",1,"2000-01-01 00:00:00"
438,"C73.3","Capsulotomy of posterior lens capsule",1,"2000-01-01 00:00:00",1,"2000-01-01 00:00:00"
439,"C73.4","Capsulotomy of lens NEC",1,"2000-01-01 00:00:00",1,"2000-01-01 00:00:00"
440,"C73.8","Other specified incision of capsule of lens",1,"2000-01-01 00:00:00",1,"2000-01-01 00:00:00"
441,"C73.9","Unspecified incision of capsule of lens",1,"2000-01-01 00:00:00",1,"2000-01-01 00:00:00"
442,"C74","Other extraction of lens",1,"2000-01-01 00:00:00",1,"2000-01-01 00:00:00"
443,"C74.1","Curettage of lens",1,"2000-01-01 00:00:00",1,"2000-01-01 00:00:00"
444,"C74.2","Discission of cataract",1,"2000-01-01 00:00:00",1,"2000-01-01 00:00:00"
445,"C74.3","Mechanical lensectomy",1,"2000-01-01 00:00:00",1,"2000-01-01 00:00:00"
446,"C74.8","Other specified other extraction of lens",1,"2000-01-01 00:00:00",1,"2000-01-01 00:00:00"
447,"C74.9","Unspecified other extraction of lens",1,"2000-01-01 00:00:00",1,"2000-01-01 00:00:00"
448,"C75","Prosthesis of lens",1,"2000-01-01 00:00:00",1,"2000-01-01 00:00:00"
449,"C75.1","Insertion of prosthetic replacement for lens NEC",1,"2000-01-01 00:00:00",1,"2000-01-01 00:00:00"
450,"C75.2","Revision of prosthetic replacement for lens",1,"2000-01-01 00:00:00",1,"2000-01-01 00:00:00"
451,"C75.3","Removal of prosthetic replacement for lens",1,"2000-01-01 00:00:00",1,"2000-01-01 00:00:00"
452,"C75.4","Insertion of prosthetic replacement for lens using suture fixation",1,"2000-01-01 00:00:00",1,"2000-01-01 00:00:00"
453,"C75.8","Other specified prosthesis of lens",1,"2000-01-01 00:00:00",1,"2000-01-01 00:00:00"
454,"C75.9","Unspecified prosthesis of lens",1,"2000-01-01 00:00:00",1,"2000-01-01 00:00:00"
455,"C77","Other operations on lens",1,"2000-01-01 00:00:00",1,"2000-01-01 00:00:00"
456,"C77.1","Capsulectomy",1,"2000-01-01 00:00:00",1,"2000-01-01 00:00:00"
457,"C77.2","Couching of lens",1,"2000-01-01 00:00:00",1,"2000-01-01 00:00:00"
458,"C77.3","Biopsy of lesion of lens",1,"2000-01-01 00:00:00",1,"2000-01-01 00:00:00"
459,"C77.4","Surgical removal of foreign body from lens",1,"2000-01-01 00:00:00",1,"2000-01-01 00:00:00"
460,"C77.5","Magnetic extraction of foreign body from lens",1,"2000-01-01 00:00:00",1,"2000-01-01 00:00:00"
461,"C77.6","Insertion of capsule tension ring",1,"2000-01-01 00:00:00",1,"2000-01-01 00:00:00"
462,"C77.8","Other specified other operations on lens",1,"2000-01-01 00:00:00",1,"2000-01-01 00:00:00"
463,"C77.9","Unspecified other operations on lens",1,"2000-01-01 00:00:00",1,"2000-01-01 00:00:00"
464,"C79","Operations on vitreous body",1,"2000-01-01 00:00:00",1,"2000-01-01 00:00:00"
465,"C79.1","Vitrectomy using anterior approach",1,"2000-01-01 00:00:00",1,"2000-01-01 00:00:00"
466,"C79.2","Vitrectomy using pars plana approach",1,"2000-01-01 00:00:00",1,"2000-01-01 00:00:00"
467,"C79.3","Injection of vitreous substitute into vitreous body NEC",1,"2000-01-01 00:00:00",1,"2000-01-01 00:00:00"
468,"C79.4","Injection into vitreous body NEC",1,"2000-01-01 00:00:00",1,"2000-01-01 00:00:00"
469,"C79.5","Internal tamponade of retina using gas",1,"2000-01-01 00:00:00",1,"2000-01-01 00:00:00"
470,"C79.6","Internal tamponade of retina using liquid",1,"2000-01-01 00:00:00",1,"2000-01-01 00:00:00"
471,"C79.7","Removal of internal tamponade agent from vitreous body",1,"2000-01-01 00:00:00",1,"2000-01-01 00:00:00"
472,"C79.8","Other specified operations on vitreous body",1,"2000-01-01 00:00:00",1,"2000-01-01 00:00:00"
473,"C79.9","Unspecified operations on vitreous body",1,"2000-01-01 00:00:00",1,"2000-01-01 00:00:00"
474,"C80","Operations on retinal membrane",1,"2000-01-01 00:00:00",1,"2000-01-01 00:00:00"
475,"C80.1","Peel of epiretinal fibroglial membrane",1,"2000-01-01 00:00:00",1,"2000-01-01 00:00:00"
476,"C80.2","Peel of internal limiting membrane",1,"2000-01-01 00:00:00",1,"2000-01-01 00:00:00"
477,"C80.3","Delamination of epiretinal fibrovascular membrane",1,"2000-01-01 00:00:00",1,"2000-01-01 00:00:00"
478,"C80.4","Segmentation of epiretinal fibrovascular membrane",1,"2000-01-01 00:00:00",1,"2000-01-01 00:00:00"
479,"C80.5","Removal of subretinal vascular membrane",1,"2000-01-01 00:00:00",1,"2000-01-01 00:00:00"
480,"C80.6","Removal of subretinal membrane NEC",1,"2000-01-01 00:00:00",1,"2000-01-01 00:00:00"
481,"C80.8","Other specified operations on retinal membrane",1,"2000-01-01 00:00:00",1,"2000-01-01 00:00:00"
482,"C80.9","Unspecified operations on retinal membrane",1,"2000-01-01 00:00:00",1,"2000-01-01 00:00:00"
483,"C81","Photocoagulation of retina for detachment",1,"2000-01-01 00:00:00",1,"2000-01-01 00:00:00"
484,"C81.1","Xenon photocoagulation of retina for detachment",1,"2000-01-01 00:00:00",1,"2000-01-01 00:00:00"
485,"C81.2","Laser photocoagulation of retina for detachment",1,"2000-01-01 00:00:00",1,"2000-01-01 00:00:00"
486,"C81.8","Other specified photocoagulation of retina for detachment",1,"2000-01-01 00:00:00",1,"2000-01-01 00:00:00"
487,"C81.9","Unspecified photocoagulation of retina for detachment",1,"2000-01-01 00:00:00",1,"2000-01-01 00:00:00"
488,"C82","Destruction of lesion of retina",1,"2000-01-01 00:00:00",1,"2000-01-01 00:00:00"
489,"C82.1","Cauterisation of lesion of retina",1,"2000-01-01 00:00:00",1,"2000-01-01 00:00:00"
490,"C82.2","Cryotherapy to lesion of retina",1,"2000-01-01 00:00:00",1,"2000-01-01 00:00:00"
491,"C82.3","External beam radiotherapy to lesion of retina",1,"2000-01-01 00:00:00",1,"2000-01-01 00:00:00"
492,"C82.4","Plaque radiotherapy to lesion of retina",1,"2000-01-01 00:00:00",1,"2000-01-01 00:00:00"
493,"C82.5","Panretinal laser photocoagulation to lesion of retina",1,"2000-01-01 00:00:00",1,"2000-01-01 00:00:00"
494,"C82.6","Laser photocoagulation to lesion of retina NEC",1,"2000-01-01 00:00:00",1,"2000-01-01 00:00:00"
495,"C82.8","Other specified destruction of lesion of retina",1,"2000-01-01 00:00:00",1,"2000-01-01 00:00:00"
496,"C82.9","Unspecified destruction of lesion of retina",1,"2000-01-01 00:00:00",1,"2000-01-01 00:00:00"
497,"C83","Translocation of retina",1,"2000-01-01 00:00:00",1,"2000-01-01 00:00:00"
498,"C83.1","Pigment epithelium translocation of retina",1,"2000-01-01 00:00:00",1,"2000-01-01 00:00:00"
499,"C83.2","Macular translocation three hundred and sixty degrees",1,"2000-01-01 00:00:00",1,"2000-01-01 00:00:00"
500,"C83.3","Limited macular translocation",1,"2000-01-01 00:00:00",1,"2000-01-01 00:00:00"
501,"C83.8","Other specified translocation of retina",1,"2000-01-01 00:00:00",1,"2000-01-01 00:00:00"
502,"C83.9","Unspecified translocation of retina",1,"2000-01-01 00:00:00",1,"2000-01-01 00:00:00"
503,"C84","Other operations on retina",1,"2000-01-01 00:00:00",1,"2000-01-01 00:00:00"
504,"C84.1","Epiretinal dissection",1,"2000-01-01 00:00:00",1,"2000-01-01 00:00:00"
505,"C84.2","Excision of lesion of retina NEC",1,"2000-01-01 00:00:00",1,"2000-01-01 00:00:00"
506,"C84.3","Biopsy of lesion of retina",1,"2000-01-01 00:00:00",1,"2000-01-01 00:00:00"
507,"C84.4","Retinal vascular sheathotomy",1,"2000-01-01 00:00:00",1,"2000-01-01 00:00:00"
508,"C84.5","Drainage of subretinal fluid through retina",1,"2000-01-01 00:00:00",1,"2000-01-01 00:00:00"
509,"C84.6","Retinotomy NEC",1,"2000-01-01 00:00:00",1,"2000-01-01 00:00:00"
510,"C84.8","Other specified other operations on retina",1,"2000-01-01 00:00:00",1,"2000-01-01 00:00:00"
511,"C84.9","Unspecified other operations on retina",1,"2000-01-01 00:00:00",1,"2000-01-01 00:00:00"
512,"C85","Fixation of retina",1,"2000-01-01 00:00:00",1,"2000-01-01 00:00:00"
513,"C85.1","Retinopexy using cryotherapy",1,"2000-01-01 00:00:00",1,"2000-01-01 00:00:00"
514,"C85.2","Retinopexy using diathermy",1,"2000-01-01 00:00:00",1,"2000-01-01 00:00:00"
515,"C85.3","Retinopexy using mechanical tacks",1,"2000-01-01 00:00:00",1,"2000-01-01 00:00:00"
516,"C85.4","Retinopexy using tissue adhesive",1,"2000-01-01 00:00:00",1,"2000-01-01 00:00:00"
517,"C85.5","Retinopexy NEC",1,"2000-01-01 00:00:00",1,"2000-01-01 00:00:00"
518,"C85.8","Other specified fixation of retina",1,"2000-01-01 00:00:00",1,"2000-01-01 00:00:00"
519,"C85.9","Unspecified fixation of retina",1,"2000-01-01 00:00:00",1,"2000-01-01 00:00:00"
520,"C86","Other operations on eye",1,"2000-01-01 00:00:00",1,"2000-01-01 00:00:00"
521,"C86.1","Biopsy of lesion of eye NEC",1,"2000-01-01 00:00:00",1,"2000-01-01 00:00:00"
522,"C86.2","Repair of globe",1,"2000-01-01 00:00:00",1,"2000-01-01 00:00:00"
523,"C86.3","Suture of eye NEC",1,"2000-01-01 00:00:00",1,"2000-01-01 00:00:00"
524,"C86.4","Removal of foreign body from eye NEC",1,"2000-01-01 00:00:00",1,"2000-01-01 00:00:00"
525,"C86.5","Fluorescein angiography of eye",1,"2000-01-01 00:00:00",1,"2000-01-01 00:00:00"
526,"C86.6","Examination of eye under anaesthetic",1,"2000-01-01 00:00:00",1,"2000-01-01 00:00:00"
527,"C86.7","Injection of therapeutic substance around the eye",1,"2000-01-01 00:00:00",1,"2000-01-01 00:00:00"
528,"C86.8","Other specified other operations on eye",1,"2000-01-01 00:00:00",1,"2000-01-01 00:00:00"
529,"C86.9","Unspecified other operations on eye",1,"2000-01-01 00:00:00",1,"2000-01-01 00:00:00"
530,"C87","Evaluation of retina",1,"2000-01-01 00:00:00",1,"2000-01-01 00:00:00"
531,"C87.1","Digital imaging of retina",1,"2000-01-01 00:00:00",1,"2000-01-01 00:00:00"
532,"C87.2","Indocyanine angiography evaluation of retina",1,"2000-01-01 00:00:00",1,"2000-01-01 00:00:00"
533,"C87.3","Tomography evaluation of retina",1,"2000-01-01 00:00:00",1,"2000-01-01 00:00:00"
534,"C87.4","Ultrasonic evaluation of retina",1,"2000-01-01 00:00:00",1,"2000-01-01 00:00:00"
535,"C87.5","Scanning laser ophthalmoscopy evaluation of retina",1,"2000-01-01 00:00:00",1,"2000-01-01 00:00:00"
536,"C87.8","Other specified evaluation of retina",1,"2000-01-01 00:00:00",1,"2000-01-01 00:00:00"
537,"C87.9","Unspecified evaluation of retina",1,"2000-01-01 00:00:00",1,"2000-01-01 00:00:00"
538,"C88","Destruction of subretinal lesion",1,"2000-01-01 00:00:00",1,"2000-01-01 00:00:00"
539,"C88.1","Transpupillary thermotherapy to subretinal lesion",1,"2000-01-01 00:00:00",1,"2000-01-01 00:00:00"
540,"C88.2","Photodynamic therapy to subretinal lesion",1,"2000-01-01 00:00:00",1,"2000-01-01 00:00:00"
541,"C88.8","Other specified destruction of subretinal lesion",1,"2000-01-01 00:00:00",1,"2000-01-01 00:00:00"
542,"C88.9","Unspecified destruction of subretinal lesion",1,"2000-01-01 00:00:00",1,"2000-01-01 00:00:00"
543,"C89","Operations on posterior segment of eye",1,"2000-01-01 00:00:00",1,"2000-01-01 00:00:00"
544,"C89.1","Insertion of sustained release device into posterior segment of eye",1,"2000-01-01 00:00:00",1,"2000-01-01 00:00:00"
545,"C89.2","Injection of steroid into posterior segment of eye",1,"2000-01-01 00:00:00",1,"2000-01-01 00:00:00"
546,"C89.3","Injection of therapeutic substance into posterior segment of eye NEC",1,"2000-01-01 00:00:00",1,"2000-01-01 00:00:00"
547,"C89.8","Other specified operations on posterior segment of eye",1,"2000-01-01 00:00:00",1,"2000-01-01 00:00:00"
548,"C89.9","Unspecified operations on posterior segment of eye",1,"2000-01-01 00:00:00",1,"2000-01-01 00:00:00"
549,"C90","Local anaesthetics for ophthalmology procedures",1,"2000-01-01 00:00:00",1,"2000-01-01 00:00:00"
550,"C90.1","Topical anaesthetic",1,"2000-01-01 00:00:00",1,"2000-01-01 00:00:00"
551,"C90.2","Subconjunctival anaesthetic",1,"2000-01-01 00:00:00",1,"2000-01-01 00:00:00"
552,"C90.3","Subtenons anaesthetic",1,"2000-01-01 00:00:00",1,"2000-01-01 00:00:00"
553,"C90.4","Peribulbar anaesthetic",1,"2000-01-01 00:00:00",1,"2000-01-01 00:00:00"
554,"C90.5","Retrobulbar anaesthetic",1,"2000-01-01 00:00:00",1,"2000-01-01 00:00:00"
555,"C90.8","Other specified local anaesthetics for ophthalmology procedures",1,"2000-01-01 00:00:00",1,"2000-01-01 00:00:00"
556,"C90.9","Unspecified local anaesthetics for ophthalmology procedures",1,"2000-01-01 00:00:00",1,"2000-01-01 00:00:00"